{
  "train_loss": [
    4.715407436708861,
    4.451211431962025,
    4.450736748417722,
    4.394585640822785,
    4.406348892405063
  ],
  "val_loss": [
    4.3208465189873415,
    4.26339003164557,
    4.259305775316456,
    4.259246439873418,
    4.259325553797468
  ]
}